goo,assam
achabal,jammu and kashmir
achalpur,maharashtra
achhnera,uttar pradesh
adari,uttar pradesh
adalaj,gujarat
adilabad,andhra pradesh
adityana,gujarat
pereyaapatna,karnataka
adoni,andhra pradesh
adoor,kerala
adiyara,karnataka
adra,west bengal
afzalpura,karnataka
agartala,tripura
agra,uttar pradesh
ahiwara,chhattisgarh
ahmedabad,gujarat
ahmedgarh,punjab
ahmednagar,maharashtra
ahmedpur,maharashtra
aizawl,mizoram
ajmer,rajasthan
ajra,maharashtra
akaltara,chhattisgarh
akbarpur,uttar pradesh
akathiyoor,kerala
akhnoor,jammu and kashmir
akkalkot,maharashtra
akola,maharashtra
akot,maharashtra
alandha,karnataka
alandi,maharashtra
alang,gujarat
alappuzha,kerala
aldona,goa
alibag,maharashtra
aligarh,uttar pradesh
alipurduar,west bengal
allahabad,uttar pradesh
almora,uttarakhand
aalanavara,karnataka
along,arunachal pradesh
alur,karnataka
alwar,rajasthan
amadalavalasa,andhra pradesh
amalapuram,andhra pradesh
amalner,maharashtra
amarpur,bihar
ambad,maharashtra
ambagarh chowki,chhattisgarh
ambaji,gujarat
ambaliyasan,gujarat
ambejogai,maharashtra
ambikaanagara,karnataka
ambikapur,chhattisgarh
ambivali tarf wankhal,maharashtra
ameenapuram,andhra pradesh
amguri,assam
amini,lakshadweep
amlabad,jharkhand
amli,dadra and nagar haveli
amravati,maharashtra
amreli,gujarat
amritsar,punjab
amroha,uttar pradesh
anakapalle,andhra pradesh
anand,gujarat
anandapur,odisha
anandnagaar,assam
anantapur,andhra pradesh
anantnag,jammu and kashmir
ancharakandy,kerala
andada,gujarat
anekal,karnataka
ankola,karnataka
anjar,gujarat
anjangaon,maharashtra
anklav,gujarat
ankleshwar,gujarat
annigeri,karnataka
antaliya,gujarat
anugul,odisha
ara,jharkhand
arambhada,gujarat
arakkonam,tamil nadu
araria,bihar
arang,chhattisgarh
arambagh,west bengal
arsikere,karnataka
arcot,tamil nadu
areraj,bihar
ariyalur,tamilnadu
arkalgud,karnataka
arki,himachal pradesh
arnia,jammu and kashmir
aroor,kerala
arrah,bihar
aruppukkottai,tamil nadu
arvi,maharashtra
arwal,bihar
asankhurd,haryana
asansol,west bengal
asarganj,bihar
ashok nagar,madhya pradesh
ashta,maharashtra
ashtamichira,kerala
asika,odisha
asola,delhi
assandh,haryana
ateli,haryana
athni,karnataka
attingal,kerala
atul,gujarat
aurad,karnataka
aurangabad,bihar
aurangabad,maharashtra
ausa,maharashtra
avinissery,kerala
awantipora,jammu and kashmir
azamgarh,uttar pradesh
azmatgarh,uttar pradesh
babaleshwar,karnataka
babiyal,haryana
baddi,himachal pradesh
bade bacheli,chhattisgarh
badaun,uttar pradesh
badagaon,madhya pradesh
badepalle,andhra pradesh
badharghat,tripura
bagaha,bihar
bageshwar,uttarakhand
bahadurgarh,haryana
bahadurganj,bihar
baharampur,west bengal
bahraich,uttar pradesh
bairgania,bihar
bakhtiarpur,bihar
balaghat,madhya pradesh
balangir,odisha
balasore,odisha
baleshwar,odisha
bawana,delhi
bhiwadi,rajasthan
bali,rajasthan
bally,west bengal
ballabhgarh,haryana
ballia,uttar pradesh
balod,chhattisgarh
baloda bazar,chhattisgarh
balrampur,uttar pradesh
balurghat,west bengal
bamra,odisha
bandar,uttar pradesh
bandikui,rajasthan
bandipore,jammu and kashmir
bangalore,karnataka
banganapalle,andhra pradesh
banka,bihar
banmankhi bazar,bihar
banswara,rajasthan
bankura,west bengal
bapatla,andhra pradesh
barakar,west bengal
barahiya,bihar
baramati,maharashtra
baramula,jammu and kashmir
baran,rajasthan
barasat,west bengal
bardhaman,west bengal
barauli,bihar
barbigha,bihar
bareilly,uttar pradesh
barughutu,jharkhand
basna,chhattisgarh
barbil,odisha
bargarh,odisha
barh,bihar
baripada,odisha
barmer,rajasthan
barnala,punjab
barpeta,assam
barpeta road,assam
barrackpur,west bengal
barwani,madhya pradesh
barwala,haryana
basavan bagevadi,karnataka
basudebpur,odisha
batala,punjab
bathinda,punjab
bawal,haryana
bazpur,uttarakhand
beawar,rajasthan
begusarai,bihar
behea,bihar
belgaum,karnataka
bellampalle,andhra pradesh
ballary,karnataka
belpahar,odisha
bemetra,chhattisgarh
berinag,uttarakhand
bethamcherla,andhra pradesh
bettiah,bihar
betul,madhya pradesh
bhabua,bihar
bhadrachalam,andhra pradesh
bhadrak,odisha
bhagalpur,bihar
bhagha purana,punjab
bhainsa,andhra pradesh
bhajanpura,delhi
bhandara,maharashtra
bharatpur,rajasthan
bharthana,uttar pradesh
bharuch,gujarat
bhatapara,chhattisgarh
bhavani,tamil nadu
bhavnagar,gujarat
bhawanipatna,odisha
bheemunipatnam,andhra pradesh
bhilai,chhattisgarh
bhilwara,rajasthan
bhimavaram,andhra pradesh
bhinmal,rajasthan
bhiwandi,maharashtra
bhiwani,haryana
bhongir,andhra pradesh
bhopal,madhya pradesh
bhuban,odisha
bhubaneswar,odisha
bhuj,gujarat
bhusawal,maharashtra
bidar,karnataka
bidhan nagar,west bengal
bihar sharif,bihar
bijapur,karnataka
bijbehara,jammu and kashmir
bijnor,uttar pradesh
bikaner,rajasthan
bikramganj,bihar
bilara,rajasthan
bilasipara,assam
bilaspur,chhattisgarh
bilaspur,himachal pradesh
biramitrapur,odisha
birgaon,chhattisgarh
bobbili,andhra pradesh
bodhan,andhra pradesh
bodh gaya,bihar
bokaro steel city,jharkhand
bongaigaon city,assam
bomdila,arunachal pradesh
brahmapur,odisha
brajrajnagar,odisha
budaun,uttar pradesh
budhlada,punjab
bulandshahr,uttar pradesh
burhanpur,madhya pradesh
burla,odisha
buxar,bihar
byasanagar,odisha
chadchan,karnataka
chaibasa,jharkhand
chakeri,uttar pradesh
chakradharpur,jharkhand
chalisgaon,maharashtra
chamba,himachal pradesh
chamba,uttarakhand
champa,chhattisgarh
champawat,uttarakhand
champhai,mizoram
chamarajanagara,karnataka
chandigarhthe beautiful city,chandigarh
chandil,jharkhand
chandausi,uttar pradesh
chandrapura,jharkhand
chanpatia,bihar
charkhi dadri,haryana
chapirevula,andhra pradesh
chatra,jharkhand
charkhari,uttar pradesh
chalakudy,kerala
chandrapur,maharashtra
changanassery,kerala
cheeka,haryana
chendamangalam,kerala
chengalpattu,tamil nadu
chengannur,kerala
chennai,tamil nadu
cherthala,kerala
cheruthazham,kerala
chhapra,bihar
chhatarpur,madhya pradesh
chhindwara,madhya pradesh
chikkodi,karnataka
chikkamagalur,karnataka
chilakaluripet,andhra pradesh
chinchani,maharashtra
chinna salem,tamil nadu
chinthaamani,karnataka
chiplun,maharashtra
chirala,andhra pradesh
chirkunda,jharkhand
chirmiri,chhattisgarh
chinsura,west bengal
chitradurga,karnataka
chitturthathamangalam,kerala
chitrakoot,madhya pradesh
chittoor,andhra pradesh
chockli,kerala
churi,jharkhand
churu,rajasthan
coimbatore,tamil nadu
colgong,bihar
contai,west bengal
cooch behar,west bengal
coonoor,tamil nadu
cuddalore,tamil nadu
cuddapah,andhra pradesh
curchorem cacora,goa
cuttack,odisha
chikkaballapura,karnataka
chandan bara,bihar
chaukori,uttarakhand
dabra,madhya pradesh
dadri,uttar pradesh
dahod,gujarat
dalhousie,himachal pradesh
dalkhola,west bengal
dallirajhara,chhattisgarh
dalsinghsarai,bihar
daltonganj,jharkhand
daman and diu,daman and diu
damoh,madhya pradesh
darbhanga,bihar
darjeeling,west bengal
dasua,punjab
datia,madhya pradesh
daudnagar,bihar
daund,maharashtra
davanagere,karnataka
debagarh,orissa
deesa,gujarat
dehegam,gujarat
dehradun,uttarakhand
dehrionsone,bihar
delhi,delhi
deoghar,jharkhand
deoria,uttar pradesh
devarakonda,andhra pradesh
devar hipparagi,karnataka
devgarh,maharashtra
devgarh,rajasthan
dewas,madhya pradesh
dhampur,uttar pradesh
dhamtari,chhattisgarh
dhanbad,jharkhand
dhar,madhya pradesh
dharampur,gujarat
dharamsala,himachal pradesh
dharmanagar,tripura
dharmapuri,tamil nadu
dharmavaram,andhra pradesh
dharwad,karnataka
dhekiajuli,assam
dhenkanal,orissa
dholka,gujarat
dhubri,assam
dhule,maharashtra
dhulian,west bengal
dhuri,punjab
dibrugarh,assam
digboi,assam
dighwara,bihar
dimapur,nagaland
dinanagar,punjab
dindigul,tamil nadu
diphu,assam
dipka,chhattisgarh
dispur,assam
dombivli,maharashtra
dongargarh,chhattisgarh
duliajan oil town,assam
dumdum,west bengal
dumka,jharkhand
dumraon,bihar
durgbhilai nagar,chhattisgarh
durgapur,maharashtra
durgapur,west bengal
dwarka,gujarat
ellenabad,haryana
eluru,andhra pradesh
erattupetta,kerala
erode,tamil nadu
etah,uttar pradesh
etawah,uttar pradesh
english bazar(malda),west bengal
faizabad,uttar pradesh
falna,rajasthan
faridabad,haryana
faridkot,punjab
farooqnagar,andhra pradesh
farrukhabad,uttar pradesh
fatehabad,haryana
fatehabad,madhya pradesh
fatehabad,uttar pradesh
fatehgarh,uttar pradesh
fatehpur chaurasi,uttar pradesh
fatehpur sikri,uttar pradesh
fatehpur,rajasthan
fatehpur,uttar pradesh
fatehpur,uttar pradesh
fatwah,bihar
fazilka,punjab
forbesganj,bihar
firozabad,uttar pradesh
firozpur,punjab
firozpur cantt.,punjab
gadarwara,madhya pradesh
gadhaga/gadag,karnataka
gadchiroli,maharashtra
gadwal,andhra pradesh
ganaur,haryana
gandhidham,gujarat
gandhinagar,gujarat
gangtok,sikkim
ganjam,odisha
garhwa,jharkhand
gauripur,assam
gauribidanur,karnataka
gaya,bihar
gharaunda,haryana
ghatampur,uttar pradesh
ghatanji,maharashtra
ghatshila,jharkhand
ghaziabad,uttar pradesh
ghazipur,uttar pradesh
giddarbaha,punjab
gingee,tamil nadu
giridih,jharkhand
goa velha,goa
goalpara,assam
gobichettipalayam,tamil nadu
gobindgarh,punjab
gobranawapara,chhattisgarh
godda,jharkhand
godhra,gujarat
gogri jamalpur,bihar
gohana,haryana
gokak,karnataka
golaghat,assam
gomoh,jharkhand
gondiya,maharashtra
gooty,andhra pradesh
gopalganj,bihar
gorakhpur,uttar pradesh
greater noida,uttar pradesh
gudalur,tamil nadu
gudalur,tamil nadu
gudalur,tamil nadu
gudivada,andhra pradesh
gudur,andhra pradesh
gulbarga,karnataka
gumia,jharkhand
gumla,jharkhand
guna,madhya pradesh
gundlupet,karnataka
guntakal,andhra pradesh
guntur,andhra pradesh
gunupur,odisha
gurdaspur,punjab
gurgaon,haryana
guruvayoor,kerala
guwahati,assam
gwalior,madhya pradesh
haflong,assam
hailakandi,assam
hajipur,bihar
haldia,west bengal
haldwani,uttarakhand
hamirpur,himachal pradesh
hamirpur,uttar pradesh
hansi,haryana
hanuman junction,andhra pradesh
hanumangarh,rajasthan
hapur,uttar pradesh
harda,madhya pradesh
hardoi,uttar pradesh
haridwar,uttarakhand
haripad,kerala
harsawa,rajasthan
harur,tamil nadu
haasana,karnataka
hastinapur,uttar pradesh
hathras,uttar pradesh
hazaribag,jharkhand
hilsa,bihar
himatnagar,gujarat
hindupur,andhra pradesh
hinjilicut,odisha
hisar,haryana
hisua,bihar
hodal,haryana
hojai,assam
hoshiarpur,punjab
hosapet,karnataka
howrah,west bengal
hubbali,karnataka
hukkeri,karnataka
huglichuchura,west bengal
hussainabad,jharkhand
hyderabad,andhra pradesh
ichalkaranji,maharashtra
ichchapuram,andhra pradesh
idar,gujarat
imphal,manipur
indirapuram,national capital region (india)
indi,karnataka
indore,madhya pradesh
indranagar,tripura
irinjalakuda,kerala
islampur,bihar
islampur,west bengal
itanagar,arunachal pradesh
itarsi,madhya pradesh
idukki,kerala
jabalpur,madhya pradesh
jagadhri,haryana
jagatsinghapur,odisha
jagdalpur,chhattisgarh
jagdispur,bihar
jaggaiahpet,andhra pradesh
jagraon,punjab
jagtial,andhra pradesh
jaipur,rajasthan
jais,uttar pradesh
jaisalmer,rajasthan
jaitaran,rajasthan
jaitu,punjab
jajapur,odisha
jajmau,uttar pradesh
jalalabad,punjab
jalna,maharashtra
jalandhar cantt.,punjab
jalandhar,punjab
jaleswar,odisha
jalgaon,maharashtra
jalpaiguri,west bengal
jalore,rajasthan
jamalpur,bihar
jammalamadugu,andhra pradesh
jammu,jammu and kashmir
jamnagar,gujarat
jamshedpur,jharkhand
jamtara,jharkhand
jamui,bihar
jandiala,punjab
jangaon,andhra pradesh
janjgir,chhattisgarh
jashpurnagar,chhattisgarh
jaspur,uttarakhand
jatani,odisha
jaunpur,uttar pradesh
jayankondam,tamil nadu
jehanabad,bihar
jeypur,odisha
jhabua,madhya pradesh
jhajha,bihar
jhajjar,haryana
jhalawar,rajasthan
jhanjharpur,bihar
jhansi,uttar pradesh
jhargram,west bengal
jharsuguda,odisha
jhumri tilaiya,jharkhand
jhunjhunu,rajasthan
jind,haryana
joda,odisha
jodhpur,rajasthan
jogabani,bihar
jogendranagar,tripura
jorhat,assam
jowai,meghalaya
junagadh,gujarat
junnar,maharashtra
jhalda,west bengal
kadapa,andhra pradesh
kadi,gujarat
kadiri,andhra pradesh
kadirur,kerala
kagaznagar,andhra pradesh
kailaras,madhya pradesh
kailasahar,tripura
kaithal,haryana
kakching,manipur
kakinada,andhra pradesh
kalan wali,haryana
kalavad,gujarat
kalburgi,karnataka
kalimpong,west bengal
kalka,haryana
kalliasseri,kerala
kalpi,uttar pradesh
kalol,gujarat
kalpetta,kerala
kalyan,maharashtra
kalyandurg,andhra pradesh
kamareddy,andhra pradesh
kamthi,maharashtra
kanchipuram,tamil nadu
kanda,uttarakhand
kandukur,andhra pradesh
kanhangad,kerala
kanjikkuzhi,kerala
kanker,chhattisgarh
kannur,kerala
kanpur,uttar pradesh
kantabanji,odisha
kanti,bihar
kapadvanj,gujarat
kapurthala,punjab
karad,maharashtra
karaikal,puducherry
karaikudi,tamil nadu
karanjia,odisha
karimganj,assam
karimnagar,andhra pradesh
karjan,gujarat
karjat,maharashtra
kaarkala,karnataka
karnal,haryana
karoran,punjab
kartarpur,punjab
karur,tamil nadu
karungal,tamil nadu
karwar,karnataka
kasaragod,kerala
kashipur,uttarakhand
kathua,jammu and kashmir
katihar,bihar
katni,madhya pradesh
katra,jammu & kashmir
kavali,andhra pradesh
kavaratti,lakshadweep
kawardha,chhattisgarh
kayamkulam,kerala
kendrapara,odisha
kendujhar,odisha
keshod,gujarat
keylong,himachal pradesh
khagaria,bihar
khalilabad,uttar pradesh
khambhalia,gujarat
khambhat,gujarat
khammam,andhra pradesh
khanna,punjab
kharagpur,bihar
kharagpur,west bengal
kharar,punjab
kheda,gujarat
khedbrahma,gujarat
kheralu,gujarat
kheri,uttar pradesh
khordha,odisha
khowai,tripura
khunti,jharkhand
khurai,madhya pradesh
kichha,uttarakhand
kishanganj,bihar
kochi,kerala
kodad,andhra pradesh
kodinar,gujarat
kodungallur,kerala
kohima,nagaland
kokrajhar,assam
kolar,karnataka
kolhar,karnataka
kolhapur,maharashtra
kolkata,west bengal
kollam,kerala
kollankodu,tamil nadu
kondagaon,chhattisgarh
konnagar,west bengal
koothuparamba,kerala
koraput,odisha
korba,chhattisgarh
koratla,andhra pradesh
kot kapura,punjab
kota,karnataka
kota,rajasthan
kota,uttar pradesh
kotdwara,uttarakhand
kothagudem,andhra pradesh
kothamangalam,kerala
kothapeta,andhra pradesh
kotma,madhya pradesh
kottayam,kerala
kovvur,andhra pradesh
kozhikode,kerala
kozhencherry,kerala
krishnanagar,west bengal
kuchinda,odisha
kulpahar,uttar pradesh
kunnamkulam,kerala
kurali,punjab
kurnool,andhra pradesh
kurukshetra,haryana
kyathampalle,andhra pradesh
kamahi devi,punjab
kalyani,west bengal
lachhmangarh,rajasthan
ladnu,rajasthan
ladwa,haryana
lahar,madhya pradesh
laharpur,uttar pradesh
lakheri,rajasthan
lakhimpur,uttar pradesh
lakhisarai,bihar
lakshmishawara,karnataka
lal gopalganj nindaura,uttar pradesh
lalganj,bihar
lalgudi,tamil nadu
lalitpur,uttar pradesh
lalganj,uttar pradesh
lalsot,rajasthan
lanka,assam
lar,uttar pradesh
lathi,gujarat
latur,maharashtra
leh,jammu and kashmir
lilong,manipur
limbdi,gujarat
lingsuguru,karnataka
loha,maharashtra
lohardaga,jharkhand
lonar,maharashtra
lonavla,maharashtra
longowal,punjab
loni,uttar pradesh
losal,rajasthan
lucknow,uttar pradesh
ludhiana,punjab
lumding,assam
lunawada,gujarat
lundi,madhya pradesh
lunglei,mizoram
macherla,andhra pradesh
machilipatnam,andhra pradesh
madanapalle,andhra pradesh
maddhuru,karnataka
margao,goa
madhepura,bihar
madhubani,bihar
madhugiri,karnataka
madhupur,jharkhand
madhyamgram,odisha
madikeri,karnataka
madurai,tamil nadu
maagadi,karnataka
mahabaleswar,maharashtra
mahad,maharashtra
mahbubnagar,andhra pradesh
mahalingapura,karnataka
maharajganj,bihar
maharajpur,madhya pradesh
mahasamund,chhattisgarh
mahe,puducherry
mahendragarh,chhattisgarh
mahendragarh,haryana
mahesana,gujarat
mahidpur,madhya pradesh
mahnar bazar,bihar
mahoba,uttar pradesh
mahuli,maharashtra
mahuva,gujarat
mahwa,rajasthan
maihar,madhya pradesh
mainaguri,west bengal
makhdumpur,bihar
makrana,rajasthan
mal,west bengal
malajkhand,madhya pradesh
malappuram,kerala
malavalli,karnataka
malegaon,maharashtra
malerkotla,punjab
malkangiri,odisha
malkapur,maharashtra
malout,punjab
malpura,rajasthan
maaluru,karnataka
manasa,madhya pradesh
manavadar,gujarat
manawar,madhya pradesh
manchar,maharashtra
mancherial,andhra pradesh
mandalgarh,rajasthan
mandamarri,andhra pradesh
mandapeta,andhra pradesh
mandawa,rajasthan
mandi,himachal pradesh
mandi dabwali,haryana
mandideep,madhya pradesh
mandla,madhya pradesh
mandsaur,madhya pradesh
mandvi,gujarat
mandya,karnataka
maner,bihar
manesar,haryana
mangalagiri,andhra pradesh
mangaldoi,assam
mangalore,karnataka
mangalvedhe,maharashtra
manglaur,uttarakhand
mangrol,gujarat
mangrol,rajasthan
mangrulpir,maharashtra
manihari,bihar
manjlegaon,maharashtra
mankachar,assam
manmad,maharashtra
mansa,punjab
mansa,gujarat
manuguru,andhra pradesh
maanvi,karnataka
manwath,maharashtra
mapusa,goa
margao,goa
margherita,assam
marhaura,bihar
mariani,assam
marigaon,assam
markapur,andhra pradesh
marmagao,goa
masaurhi,bihar
mathabhanga,west bengal
mathura,uttar pradesh
mattannur,kerala
mauganj,madhya pradesh
maur,punjab
mavelikkara,kerala
mavoor,kerala
mayang imphal,manipur
medak,andhra pradesh
medinipur,west bengal
meerut,uttar pradesh
mehkar,maharashtra
mehmedabad,gujarat
memari,west bengal
merta city,rajasthan
mhaswad,maharashtra
mhow cantonment,madhya pradesh
mhowgaon,madhya pradesh
mihijam,jharkhand
mirabhayandar,maharashtra
miraj,maharashtra
mirganj,bihar
miryalaguda,andhra pradesh
mirzapur,uttar pradesh
mithapur,gujarat
modasa,gujarat
modinagar,uttar pradesh
moga,punjab
mogalthur,andhra pradesh
mohali,punjab
mohania,bihar
mokama,bihar
mokameh,bihar
mokokchung,nagaland
monoharpur,west bengal
moradabad,uttar pradesh
morena,madhya pradesh
morinda,punjab
morshi,maharashtra
morvi,gujarat
motihari,bihar
motipur,bihar
mount abu,rajasthan
mudalagi,karnataka
mudabidri,karnataka
muddebihala,karnataka
mudhola,karnataka
mukatsar,punjab
mukerian,punjab
mukhed,maharashtra
muktsar,punjab
mul,maharashtra
mulabaagilu,karnataka
multai,madhya pradesh
mumbai,maharashtra
mundi,madhya pradesh
mundaragi,karnataka
mungeli,chhattisgarh
munger,bihar
muradnagar,uttar pradesh
murliganj,bihar
murshidabad,west bengal
murtijapur,maharashtra
murwara,madhya pradesh
musabani,jharkhand
mussoorie,uttarakhand
muvattupuzha,kerala
muzaffarnagar,uttar pradesh
muzaffarpur,bihar
mysore,karnataka
meethari marwar,rajasthan
nabadwip,west bengal
nabarangapur,odisha
nabha,punjab
nadbai,rajasthan
nadiad,gujarat
nidagundi,karnataka
nagaon,assam
nagapattinam,tamil nadu
nagar,rajasthan
nagari,andhra pradesh
nagarkurnool,andhra pradesh
nagaur,rajasthan
nagda,madhya pradesh
nagercoil,tamil nadu
nagina,uttar pradesh
nagla,uttarakhand
nagpur,maharashtra
nahan,himachal pradesh
naharlagun,arunachal pradesh
naihati,west bengal
naila janjgir,chhattisgarh
nainital,uttarakhand
nainpur,madhya pradesh
najafgarh,delhi
najibabad,uttar pradesh
nakodar,punjab
nakur,uttar pradesh
nalasopara,maharashtra
nalanda,bihar
nalbari,assam
namagiripettai,tamil nadu
namakkal,tamil nadu
nandedwaghala,maharashtra
nandgaon,maharashtra
nandivaramguduvancheri,tamil nadu
nandura,maharashtra
nandurbar,maharashtra
nandyal,andhra pradesh
nangal,punjab
nanjanagoodu,karnataka
nanjikottai,tamil nadu
nanpara,uttar pradesh
narasapur,andhra pradesh
narasaraopet,andhra pradesh
naraura,uttar pradesh
narayanpet,andhra pradesh
narela,delhi
nargund,rajasthan
narkatiaganj,bihar
narkhed,maharashtra
narnaul,haryana
narsinghgarh,madhya pradesh
narsinghgarh,madhya pradesh
narsipatnam,andhra pradesh
narwana,haryana
nashik,maharashtra
nasirabad,rajasthan
natham,tamil nadu
nathdwara,rajasthan
naugachhia,bihar
naugawan sadat,uttar pradesh
nautanwa,uttar pradesh
navalgund,rajasthan
navi mumbai,maharashtra
navsari,gujarat
nawabganj,uttar pradesh
nawada,bihar
nawagarh,chhattisgarh
nawalgarh,rajasthan
nawanshahr,punjab
nawapur,maharashtra
nedumangad,kerala
neemkathana,rajasthan
neemuch,madhya pradesh
nehtaur,uttar pradesh
nelamangala,rajasthan
nellikuppam,tamil nadu
nellore,andhra pradesh
nepanagar,madhya pradesh
new delhi,delhi
neyveli,tamil nadu
neyyattinkara,kerala
nidadavole,andhra pradesh
nilanga,maharashtra
nilambur,kerala
nimbahera,rajasthan
nippani,karnataka
nirmal,andhra pradesh
niwai,rajasthan
niwari,madhya pradesh
nizamabad,andhra pradesh
nohar,rajasthan
noida,uttar pradesh
nokha,bihar
nokha,rajasthan
nongstoin,meghalaya
noorpur,uttar pradesh
north lakhimpur,assam
nowgong,madhya pradesh
nowrozabad,madhya pradesh
nuzvid,andhra pradesh
o' valley,tamil nadu
oddanchatram,tamil nadu
obra,uttar pradesh
ongole,andhra pradesh
,
,
,
orai,uttar pradesh
osmanabad,maharashtra
ottappalam,kerala
ozar,maharashtra
p.n.patti,tamil nadu
pachora,maharashtra
pachore,madhya pradesh
pacode,tamil nadu
padmanabhapuram,tamil nadu
padra,gujarat
padrauna,uttar pradesh
paithan,maharashtra
pakaur,jharkhand
palacole,andhra pradesh
palai,kerala
palakkad,kerala
palani,tamil nadu
palanpur,gujarat
palasa kasibugga,andhra pradesh
palghar,maharashtra
pali,rajasthan
pali,madhya pradesh
palia kalan,uttar pradesh
palitana,gujarat
pondur,andhra pradesh
palladam,tamil nadu
pallapatti,tamil nadu
pallikonda,tamil nadu
palwal,haryana
palwancha,andhra pradesh
panagar,madhya pradesh
panagudi,tamil nadu
panaji,goa
panamattom,kerala
panchkula,haryana
panchla,west bengal
pandharkaoda,maharashtra
pandharpur,maharashtra
pandhurna,madhya pradesh
pandua,west bengal
panipat,haryana
panna,madhya pradesh
panniyannur,kerala
panruti,tamil nadu
panvel,maharashtra
pappinisseri,kerala
paradip,odisha
paramakudi,tamil nadu
parangipettai,tamil nadu
parasi,uttar pradesh
paravoor,kerala
parbhani,maharashtra
pardi,gujarat
parlakhemundi,odisha
parli,maharashtra
parola,maharashtra
partur,maharashtra
parvathipuram,andhra pradesh
pasan,madhya pradesh
paschim punropara,west bengal
pasighat,arunachal pradesh
patan,gujarat
pathanamthitta,kerala
pathankot,punjab
pathardi,maharashtra
pathri,maharashtra
patiala,punjab
patna,bihar
patran,punjab
patratu,jharkhand
pattamundai,odisha
patti,punjab
pattukkottai,tamil nadu
patur,maharashtra
pauni,maharashtra
pauri,uttarakhand
paavagada,karnataka
pedana,andhra pradesh
peddapuram,andhra pradesh
pehowa,haryana
pen,maharashtra
penuganchiprolu,andhra pradesh
perambalur,tamil nadu
peravurani,tamil nadu
peringathur,kerala
perinthalmanna,kerala
periyakulam,tamil nadu
periyasemur,tamil nadu
pernampattu,tamil nadu
perumbavoor,kerala
petlad,gujarat
phagwara,punjab
phalodi,rajasthan
phaltan,maharashtra
phillaur,punjab
phulabani,odisha
phulera,rajasthan
phulpur,uttar pradesh
phusro,jharkhand
pihani,uttar pradesh
pilani,rajasthan
pilibanga,rajasthan
pilibhit,uttar pradesh
pilkhuwa,uttar pradesh
pindwara,rajasthan
pinjore,haryana
pipar city,rajasthan
pipariya,madhya pradesh
piro,bihar
pithampur,madhya pradesh
pithapuram,andhra pradesh
pithoragarh,uttarakhand
pollachi,tamil nadu
polur,tamil nadu
pondicherry,puducherry
ponkunnam,kerala
ponnani,kerala
ponneri,tamil nadu
ponnur,andhra pradesh
porbandar,gujarat
porsa,madhya pradesh
port blair,andaman and nicobar islands
powayan,uttar pradesh
prantij,rajasthan
pratapgarh,rajasthan
pratapgarh,tripura
prithvipur,madhya pradesh
proddatur,andhra pradesh
pudukkottai,tamil nadu
pudupattinam,tamil nadu
pukhrayan,uttar pradesh
pulgaon,maharashtra
puliyankudi,tamil nadu
punalur,kerala
punch,jammu and kashmir
pune,maharashtra
punjaipugalur,tamil nadu
punganur,andhra pradesh
puranpur,uttar pradesh
purna,maharashtra
puri,odisha
purnia,bihar
purquazi,uttar pradesh
purulia,west bengal
purwa,uttar pradesh
pusad,maharashtra
puthooru,karnataka
puthuppally,kerala
puttur,andhra pradesh
qadian,punjab
quilandy,kerala
rabakavi banahatti,karnataka
radhanpur,gujarat
rae bareli,uttar pradesh
rafiganj,bihar
raghogarhvijaypur,madhya pradesh
raghunathpur,west bengal
raghunathganj,west bengal
rahatgarh,madhya pradesh
raichuri,maharashtra
raayachuru,karnataka
raiganj,west bengal
raigarh,chhattisgarh
ranipet,tamil nadu
raikot,punjab
raipur,chhattisgarh
rairangpur,odisha
raisen,madhya pradesh
raisinghnagar,rajasthan
rajagangapur,odisha
rajahmundry,andhra pradesh
rajakhera,rajasthan
rajaldesar,rajasthan
rajam,andhra pradesh
rajampet,andhra pradesh
rajapalayam,tamil nadu
rajauri,jammu and kashmir
rajgarh (alwar),rajasthan
rajgarh (churu),rajasthan
rajgarh,madhya pradesh
rajgir,bihar
rajkot,gujarat
rajnandgaon,chhattisgarh
rajpipla,gujarat
rajpura,punjab
rajsamand,rajasthan
rajula,gujarat
rajura,maharashtra
ramachandrapuram,andhra pradesh
ramagundam,andhra pradesh
raamanagara,karnataka
ramanathapuram,tamil nadu
raamadurga,karnataka
rameshwaram,tamil nadu
ramganj mandi,rajasthan
ramngarh,jharkhand
ramngarh,rajasthan
ramnagar,bihar
ramnagar,uttarakhand
rampur,uttar pradesh
rampur maniharan,uttar pradesh
rampur maniharan,uttar pradesh
rampura phul,punjab
rampurhat,west bengal
ramtek,maharashtra
ranaghat,west bengal
ranavav,gujarat
ranchi,jharkhand
rangia,assam
rania,haryana
ranibennur,karnataka
rapar,gujarat
rasipuram,tamil nadu
rasra,uttar pradesh
ratangarh,rajasthan
rath,uttar pradesh
ratia,haryana
ratlam,madhya pradesh
ratnagiri,maharashtra
rau,madhya pradesh
raurkela,odisha
raver,maharashtra
rawatbhata,rajasthan
rawatsar,rajasthan
raxaul bazar,bihar
rayachoti,andhra pradesh
rayadurg,andhra pradesh
rayagada,odisha
reengus,rajasthan
rehli,madhya pradesh
renigunta,andhra pradesh
renukoot,uttar pradesh
reoti,uttar pradesh
repalle,andhra pradesh
revelganj,bihar
rewa,madhya pradesh
rewari,haryana
rishikesh,uttarakhand
risod,maharashtra
robertsganj,uttar pradesh
robertson pet,karnataka
rohtak,haryana
ron,karnataka
roorkee,uttarakhand
rosera,bihar
rudauli,uttar pradesh
rudrapur,uttarakhand
rudrapur,uttar pradesh
rupnagar,punjab
sabalgarh,madhya pradesh
sadabad,uttar pradesh
sadalaga,karnataka
sadasivpet,andhra pradesh
sadri,rajasthan
sadulshahar,rajasthan
sadulpur,rajasthan
safidon,haryana
safipur,uttar pradesh
sagar,madhya pradesh
sagara,karnataka
sagwara,rajasthan
saharanpur,uttar pradesh
saharsa,bihar
sahaspur,uttar pradesh
sahaswan,uttar pradesh
sahawar,uttar pradesh
sahibganj,jharkhand
sahjanwa,uttar pradesh
saidpur,uttar pradesh
saiha,mizoram
sailu,maharashtra
sainthia,west bengal
sakaleshapura,karnataka
sakti,chhattisgarh
salaya,gujarat
salem,tamil nadu
salur,andhra pradesh
samalkha,haryana
samalkot,andhra pradesh
samana,punjab
samastipur,bihar
sambalpur,odisha
sambhal,uttar pradesh
sambhar,rajasthan
samdhan,uttar pradesh
samthar,uttar pradesh
sanand,gujarat
sanawad,madhya pradesh
sanchore,rajasthan
sindagi,karnataka
sandi,uttar pradesh
sandila,uttar pradesh
sandur,karnataka
sangamner,maharashtra
sangareddy,andhra pradesh
sangaria,rajasthan
sangli,maharashtra
sangole,maharashtra
sangrur,punjab
sankarankoil,tamil nadu
sankari,tamil nadu
sankeshwara,karnataka
santipur,west bengal
sarangpur,madhya pradesh
sardarshahar,rajasthan
sardhana,uttar pradesh
sarni,madhya pradesh
sasaram,bihar
sasvad,maharashtra
satana,maharashtra
satara,maharashtra
satna,madhya pradesh
sathyamangalam,tamil nadu
sattenapalle,andhra pradesh
sattur,tamil nadu
saunda,jharkhand
soudaththiyellamma,karnataka
sausar,madhya pradesh
savarkundla,gujarat
savanur,karnataka
savner,maharashtra
sawai madhopur,rajasthan
sawantwadi,maharashtra
sedam,karnataka
sehore,madhya pradesh
sendhwa,madhya pradesh
seohara,uttar pradesh
seoni,madhya pradesh
seonimalwa,madhya pradesh
shahabad,karnataka
"shahabad, hardoi",uttar pradesh
"shahabad, rampur",uttar pradesh
shahade,maharashtra
shahbad,haryana
shahdol,madhya pradesh
shahganj,uttar pradesh
shahjahanpur,uttar pradesh
shahapura,karnataka
shahpura,rajasthan
shahpura,rajasthan
shajapur,madhya pradesh
shamgarh,madhya pradesh
shamli,uttar pradesh
"shamsabad, agra",uttar pradesh
"shamsabad, farrukhabad",uttar pradesh
shegaon,maharashtra
sheikhpura,bihar
shendurjana,maharashtra
shenkottai,tamil nadu
sheoganj,rajasthan
sheohar,bihar
sheopur,madhya pradesh
sherghati,bihar
sherkot,uttar pradesh
shiggaavi,karnataka
shikapur,karnataka
"shikarpur, bulandshahr",uttar pradesh
shikohabad,uttar pradesh
shillong,meghalaya
shimla,himachal pradesh
shivamogga,karnataka
shirdi,maharashtra
shirpurwarwade,maharashtra
shirur,maharashtra
shishgarh,uttar pradesh
shivpuri,madhya pradesh
sholavandan,tamil nadu
sholingur,tamil nadu
shoranur,kerala
surapura,karnataka
shrigonda,maharashtra
shrirampur,maharashtra
shree rangapattana,karnataka
shujalpur,madhya pradesh
siana,uttar pradesh
sibsagar,assam
siddipet,andhra pradesh
sidhi,madhya pradesh
sidhpur,gujarat
sidhalaghatta,karnataka
sihor,gujarat
sihora,madhya pradesh
sikanderpur,uttar pradesh
sikandra rao,uttar pradesh
sikandrabad,uttar pradesh
sikar,rajasthan
silao,bihar
silapathar,assam
silchar,assam
siliguri,west bengal
sillod,maharashtra
silvassa,dadra and nagar haveli
simdega,jharkhand
sindhagi,karnataka
sindhanooru,karnataka
singapur,andhra pradesh
singrauli,madhya pradesh
sinnar,maharashtra
sira,karnataka
sircilla,andhra pradesh
sirhind fatehgarh sahib,punjab
sirkali,tamil nadu
sirohi,rajasthan
sironj,madhya pradesh
sirsa,haryana
sirsaganj,uttar pradesh
sirsi,karnataka
sirsi,uttar pradesh
sheraguppa,karnataka
sitamarhi,bihar
sitapur,uttar pradesh
sitarganj,uttarakhand
sivaganga,tamil nadu
sivagiri,tamil nadu
sivakasi,tamil nadu
siwan,bihar
sohagpur,madhya pradesh
sohna,haryana
sojat,rajasthan
solan,himachal pradesh
solapur,maharashtra
sonamukhi,west bengal
sonepur,bihar
songadh,gujarat
sonipat,haryana
sopore,jammu and kashmir
soro,odisha
soron,uttar pradesh
soyagaon,maharashtra
sri madhopur,rajasthan
srikakulam,andhra pradesh
srikalahasti,andhra pradesh
srinagar,jammu and kashmir
shreenivaasapura,karnataka
srisailam ,andhra pradesh
srirampore,west bengal
srivilliputhur,tamil nadu
suar,uttar pradesh
sugauli,bihar
sujangarh,rajasthan
sujanpur,punjab
sultanganj,bihar
sultanpur,uttar pradesh
sumerpur,rajasthan
sumerpur,uttar pradesh
sunabeda,odisha
sunam,punjab
sundargarh,odisha
sundarnagar,himachal pradesh
supaul,bihar
surandai,tamil nadu
surat,gujarat
suratgarh,rajasthan
suri,west bengal
suriyampalayam,tamil nadu
suryapet,andhra pradesh
tadepalligudem,andhra pradesh
tadpatri,andhra pradesh
taki,west bengal
talaja,gujarat
talcher,odisha
talegaon dabhade,maharashtra
thaalikote,karnataka
taliparamba,kerala
talode,maharashtra
talwara,punjab
tamluk,west bengal
tanda,uttar pradesh
tanda,uttar pradesh
tandur,andhra pradesh
tanuku,andhra pradesh
tarakeswar,west bengal
tarana,madhya pradesh
taranagar,rajasthan
taraori,haryana
tarbha,odisha
tarikere,karnataka
tarn taran,punjab
tasgaon,maharashtra
tehri,uttarakhand
tekkalakote,karnataka
tenali,andhra pradesh
tenkasi,tamil nadu
tenu damcumkathhara,jharkhand
thergallu,karnataka
tetri bazar,uttar pradesh
tezpur,assam
thakurdwara,uttar pradesh
thammampatti,tamil nadu
thana bhawan,uttar pradesh
thane,maharashtra
thanesar,haryana
thangadh,gujarat
thanjavur,tamil nadu
tharad,gujarat
tharamangalam,tamil nadu
tharangambadi,tamil nadu
theni allinagaram,tamil nadu
thirumangalam,tamil nadu
thirunindravur,tamil nadu
thiruparappu,tamil nadu
thirupuvanam,tamil nadu
thiruthuraipoondi,tamil nadu
thiruvalla,kerala
thiruvallur,tamil nadu
trivandrum,kerala
thiruvarur,tamil nadu
thodupuzha,kerala
thoothukudi,tamil nadu
thoubal,manipur
thrissur,kerala
thuraiyur,tamil nadu
tikamgarh,madhya pradesh
tikota,karnataka
tilda newra,chhattisgarh
tilhar,uttar pradesh
talikota,karnataka
tindivanam,tamil nadu
tinsukia,assam
thipatooru,karnataka
tirora,maharashtra
tiruchendur,tamil nadu
tiruchengode,tamil nadu
tiruchirappalli,tamil nadu
tirukalukundram,tamil nadu
tirukkoyilur,tamil nadu
tirunelveli,tamil nadu
tirupathur,tamil nadu
tirupathur,tamil nadu
tirupati,andhra pradesh
tiruppur,tamil nadu
tirur,kerala
tiruttani,tamil nadu
tiruvannamalai,tamil nadu
tiruvethipuram,tamil nadu
tiruvuru,andhra pradesh
tirwaganj,uttar pradesh
titlagarh,odisha
tittakudi,tamil nadu
todabhim,rajasthan
todaraisingh,rajasthan
tohana,haryana
tonk,rajasthan
tuensang,nagaland
tuljapur,maharashtra
tulsipur,uttar pradesh
thumakooru,karnataka
tumsar,maharashtra
tundla,uttar pradesh
tuni,andhra pradesh
tura,meghalaya
uchgaon,maharashtra
udaipur,rajasthan
udaipur,tripura
udaipurwati,rajasthan
udgir,maharashtra
udhagamandalam,tamil nadu
udhampur,jammu and kashmir
udumalaipettai,tamil nadu
udupi,karnataka
ugar,karnataka
ujhani,madhya pradesh
ujjain,madhya pradesh
umarga,maharashtra
umaria,madhya pradesh
umarkhed,maharashtra
umarkote,odisha
umbergaon,gujarat
umred,maharashtra
umreth,gujarat
una,gujarat
unjha,gujarat
unnamalaikadai,tamil nadu
unnao,uttar pradesh
upleta,gujarat
uran,maharashtra
uran islampur,maharashtra
uravakonda,andhra pradesh
urmar tanda,punjab
usilampatti,tamil nadu
uthamapalayam,tamil nadu
uthiramerur,tamil nadu
utraula,uttar pradesh
vadakara,kerala
vadakkuvalliyur,tamil nadu
vadalur,tamil nadu
vadgaon kasba,maharashtra
vadipatti,tamil nadu
vadnagar,gujarat
vadodara,gujarat
vaijapur,maharashtra
vaikom,kerala
valparai,tamil nadu
valsad,gujarat
vandavasi,tamil nadu
vaniyambadi,tamil nadu
vapi,gujarat
vapi,gujarat
varanasi,uttar pradesh
varkala,kerala
vasai,maharashtra
vedaranyam,tamil nadu
vellakoil,tamil nadu
vellore,tamil nadu
venkatagiri,andhra pradesh
veraval,gujarat
vicarabad,andhra pradesh
vidisha,madhya pradesh
vijainagar,rajasthan
vijapur,gujarat
vijaypur,uttarakhand
vijayapura,karnataka
vijayawada,andhra pradesh
vikramasingapuram,tamil nadu
viluppuram,tamil nadu
vinukonda,andhra pradesh
viramgam,gujarat
virar,maharashtra
virudhachalam,tamil nadu
virudhunagar,tamil nadu
visakhapatnam,andhra pradesh
visnagar,gujarat
viswanatham,tamil nadu
vita,maharashtra
vizianagaram,andhra pradesh
vrindavan,uttar pradesh
vyara,gujarat
wadgaon road,maharashtra
wadhwan,gujarat
wadi,karnataka
wai,maharashtra
wanaparthy,andhra pradesh
wani,maharashtra
wankaner,gujarat
wara seoni,madhya pradesh
warangal,andhra pradesh
wardha,maharashtra
warhapur,uttar pradesh
warisaliganj,bihar
warora,maharashtra
warud,maharashtra
washim,maharashtra
wokha,nagaland
yaadhagiri,karnataka
yamunanagar,haryana
yanam,puducherry
yavatmal,maharashtra
yawal,maharashtra
yellandu,andhra pradesh
yemmiganur,andhra pradesh
yerraguntla,andhra pradesh
yevla,maharashtra
zaid,uttar pradesh
zamania,uttar pradesh
zira,punjab
zirakpur,punjab
zunheboto,nagaland
